{"camera_matrix": [[635.9409413205241, 0.0, 646.7107417384699], [0.0, 636.2501321857832, 368.8237191381255], [0.0, 0.0, 1.0]], "dist_coeff": [[-0.05501613034674836, 0.08585717131796375, -0.00044320752956643133, 0.002398130489464701, -0.04214102262688536]]}